COMPANY                         , ONLINE FORMS                                                                                , WEBSITE
ADVENT                          ,                                                                                             , Join Advent's Storm Call-Out List (callfire-widgets-prod.s3.amazonaws.com)
AGOSTINO UTILITIES              , Careers in Utility Services - Agostino Utilities                                            , https://agostinoutilities.com/work-with-us/
ALLIANCE POWER GROUP            , Storm Phone: (617) 293-7905 https://www.alliancepowerllc.com/                               , 
AMPP                            , 765-305-1988 info@amppconstruction.com                                                      , info@amppconstruction.com
APPALACHIAN UTILITY             , "Text ""join"" to 1(888)685-5746"                                                           , 
ARC                             , Storm Restoration Team - ARC American                                                       , https://arcamerican.com/storm-restoration-team/
ATLANTIC POWER CONSTRUCTION     , Careers - Atlantic Power Constructors (useapc.com)                                          , https://useapc.com/careers/#storm-signup
AVO ELECTRIC                    , https://www.avoelectricllc.com/storm-list                                                   , https://www.avoelectricllc.com/storm-list
CSI Powerline                   , CSI Powerline | Storm Roster                                                                , https://csipowerline.com/storm/
D AND T POWER                   , Contact | D&T Power (dandtpower.com)                                                        , https://www.dandtpower.com/contact-8
DANELLA                         , Storm Portal - Application - Danella Companies                                              , https://www.danella.com/construction/storm-application/
Delta Line Construction Co.     , 609-927-2785                                                                                , 
DIVERGENT ALLIANCE              , Storm Roster - Divergent Alliance                                                           , https://divergentalliance.com/stormroster/
DYNAMIC UTILITY SOLUTIONS       , Contact (dynamicusllc.com)                                                                  , http://www.dynamicusllc.com/contact.html
EAST COAST LINES                , Roster — East Coast Lines                                                                   , https://www.eastcoastlines.us/roster
EAST COAST POWERLINE            , Contact | East Coast Powerline                                                              , https://www.eastcoastpowerline.com/contact
Ebe Electric                    , "Ebe Electric | Reliable, Professional & Safe (ebeelectricllc.com)"                         , https://ebeelectricllc.com/#Join_Us
EDGAR ELECTRIC                  , Contact Us | Get an Electrical Estimate - Edgar Electric (edgarelectricinc.com)             , https://www.edgarelectricinc.com/contact
FAITH ELECTRIC                  , StormRoster – Faith Electric (faithe+AM3:AO5lectricllc.com)                                 , https://faithelectricllc.com/stormroster/
FERREIRA POWER SOUTH            , Contact - Ferreira Power South                                                              , https://www.ferreirapowersouth.com/contact/
FLORY LINE CONSTRUCTION, LLC    , Text STORM to 833-553-8071                                                                  , 
GMB POWERLINE                   , Join Our Team - GMB Powerline Services                                                      , https://gmbpowerlineservices.com/join-our-team/
GPC Corp                        ,                                                                                             , https://gpccorp.net/
GRATTAN LINE                    , Storm Restoration | Grattan Line Construction                                               , https://grattanline.com/storm-restoration/
GRATTAN LINE                    ,                                                                                             , 
HAUGLAND                        , Interested in Storms? (800grace.com)                                                        , https://req.800grace.com/Home
HEART UTILITIES                 , heartutilities.com/StormRosterSignUp.aspx                                                   , http://heartutilities.com/StormRosterSignUp.aspx
HYDAKER-WHEATLAKE               , HWC Storm Response Team Survey (surveymonkey.com)                                           , https://www.surveymonkey.com/r/PBTZ8JJ
IB-ABEL                         , Storm Restoration Contact - IB-ABEL                                                         , https://www.ib-abel.com/contact/storm-restoration-contact/
J.W. DIDADO                     , Go On Storm With Us | J.W.Didado Electric (jwdidado.com)                                    , https://www.jwdidado.com/our-services/emergency-storm-restoration/storm-duty-registration/
JJM POWER                       , Storm Roster Signup — JJM Power                                                             , https://jjmpower.net/storm-roster-signup
Kateri Powerline Solutions LLC  , Kateri Powerline Solutions LLC                                                              , https://kateripowerline.com/?page_id=6
KR UTILITIES                    , Join Text Messaging List (simpletexting.com)                                                , https://app2.simpletexting.com/join/joinWebForm?webFormId=6423313070401d33bc7111d4&c=USA%22
LINEWERX INC                    , Storm List (linewerxinc.com)                                                                , https://www.linewerxinc.com/index.php/join-our-team/storm-list
MIDWEST POWERLINE               , "Text ""STORMTEAM"" to 269-210-3630"                                                        , 
MTV SOLUTIONS                   , Storm List — MTV Solutions                                                                  , https://www.mtvsolutions.com/storm-list
ONE SOURCE POWER                , Linemen Registry – One Source Power (ospllc.us)                                             , https://www.ospllc.us/linemen-registry/
OSR RESTORATION                 , Contact Us - OneSource Restoration (onesourcerestorationllc.com)                            , https://onesourcerestorationllc.com/contact-us/
OUTSOURCE                       , Contact | Outsource Utility Contractor Corp (outsourceucc.com)                              , https://outsourceucc.com/contact/
P&G                             , P&G Storm List Application (office.com)                                                     , https://forms.office.com/pages/responsepage.aspx?id=_wY-hNrTRUS80xgP3wCtuVDPZN8D9yZLtxg1Oz5biL1UQlZYNE8wSlpPQVVMSjkzN1Y4WVY2Rjk5MiQlQCN0PWcu
PACK POWER                      , join our team (packpowerservices.com)                                                       , https://packpowerservices.com/join-our-team
PEACHES POWER                   , " Text ""STORM"" to 206-828-5931"                                                           , 
PIERCE POWERLINE                , Contact Us - Pierce Powerline Co.                                                           , https://piercepowerline.com/contact-us
Power Pro's Utility Services    , 318-680-1225                                                                                , 
PREMIER                         , Join Text Messaging List (simpletexting.com)                                                , https://app2.simpletexting.com/join/joinWebForm?webFormId=6423313070401d33bc7111d4&c=USA%22
PREMIER VOLTAGE INC.            , Join our storm team — Premier Voltage Inc. (premiervoltagepower.com)                        , https://www.premiervoltagepower.com/stormteam
PSE                             , Storm Roster Signup | Primary Source Electric (primaryselectric.com)                        , https://primaryselectric.com/storm-roster-signup/
QUALITY LINES                   , " Text ""storm"" to 423-770-9131"                                                           , 
RICHARDSON AND SONS             , Storm Call Sign Up – H. Richardson & Sons (hrsutilities.com)                                , http://hrsutilities.com/storm-call-sign-up/
ROKSTAD POWER                   , Stormwork-application – Rokstad Power                                                       , https://rokstadpower.com/storm/
SM ELECTRIC GROUP, INC.         , "Storms - SM Electric Group, Inc."                                                          , https://www.smelectric.com/storms/
SOS                             , Lineworkers – Support Operations Services (support-ops.com)                                 , https://support-ops.com/lineworkers/
SPE                             , HOME | SPE Group (spepower.com)                                                             , https://www.spepower.com/
TRAVOLT                         , SIGN UP: TRAVOLT Storm Call List (formsite.com)                                             , https://fs21.formsite.com/A0i2KS/g3oehbwpry/index
VALIANT ENERGY                  , Storms Revised - Valiant Energy Service                                                     , https://www.valiantenergyservice.com/storms/#join
VEC, INC.                       , "Storm Roster | VEC, Inc. | General Contractor in Ohio (vecohio.com)"                       , https://vecohio.com/storm-roster/
VECTOR ELECTRIC                 , Join our storm list (vectorelectric-ks.com)                                                 , https://vectorelectric-ks.com/join-our-storm-list
VISION UTILITIES                , VISION UTILITIES STORM RESPONSE – Powered to Perform (vision-utilities.com)                 , https://www.vision-utilities.com/
ZEUS Electrical Utility Services, ZEUS Electrical Utility Services – Turn-key Electrical Utility Contractor (zeus-utility.com), https://zeus-utility.com/

